Model,MAE,RMSE,MAPE
ARIMA,3418700.7345974264,4213784.4777659215,7.978214296814684
XGBoost,2760339.0,3419715.556920926,6.139821795007204
