Model,Average_RMSE,Average_MAPE (%)
ARIMA,70.89701687,70.89701687
XGBoost,5.024718977,5.024718977
