Model,Average_RMSE,Average_MAPE (%)
ARIMA,70.89701686646944,70.89701686646944
XGBoost,5.0247189770737455,5.0247189770737455
