Model,Average_MSE,Average_MAPE (%)
ARIMA,6565.336938630395,647.7540015486142
XGBoost,10429.583618637032,502.4718977073746
